app_id,app_dt,target,num1,num2,num3,num1_corr95,num1_corr70,num2_corr92,cat1,cat2,cat3
100361,2024-11-01,0,1.274447216941239,0.7180164564898593,2.8342242949444705,1.2589339038231797,1.289537351152641,1.0213327991178807,B,Y,T
100073,2024-02-01,1,0.8279881767970589,,0.5935075657753849,0.9114407315339648,0.744291747657708,-0.6804805948497606,B,X,S
100374,2024-11-01,1,-1.2826346502605217,0.09478645960801162,2.483612500687169,-1.2162054200549581,-0.5141164832640464,0.13038717517708867,A,,S
100155,2024-08-01,0,,-0.8112207668176424,0.4649986550019698,0.5274231056813228,1.1833699704905176,-0.6269616115674848,A,Y,U
100104,2024-10-01,0,-2.063238276804743,0.43856936717140144,2.9653679589854547,-2.1515582399202553,-1.3981497787058594,0.484034649913951,,,S
100394,2024-09-01,1,-0.2862229498406692,1.546133099181903,,-0.30421695862899983,-1.2406436553262936,1.4100925514175178,A,Y,S
100377,2024-09-01,0,,0.4224413661635091,1.3228305289418918,-0.6227674501298186,1.7348946034139647,0.6721577749757498,C,X,V
100124,2024-11-01,1,1.4814555476589732,0.9972382292015692,2.4872683762730063,1.5937650107031271,0.7534221460804904,0.7648496527499327,A,Z,S
100068,2024-01-01,1,1.732311605409944,0.2606774337726296,1.5249150104932667,1.7583870438240607,1.9055536821236647,-0.022158501893891014,C,X,
100450,2024-12-01,0,-0.24576150001290142,1.2090129251838706,2.8639687255493596,-0.2599017670954392,0.5540885624327981,1.0917443907238713,A,X,T
100009,2024-02-01,1,-0.36824895678803055,0.013741550004785299,,-0.2774096270613001,-0.37470184009487334,-0.04283738121357537,B,,S
100194,2024-12-01,0,-0.605000712808731,,,-0.7892391590117982,-0.2918626700426876,0.6732914314055211,A,Z,V
100406,2024-06-01,0,-1.7306716055072182,-0.4610950954566842,1.0102583297254417,-1.6615653489205304,-0.45162454881043457,-0.38791259415374924,A,Z,S
100084,2024-08-01,1,0.7307746911386448,0.034931935892003045,,0.8809776163229579,1.0728885616152322,0.11582761883343415,B,X,U
100371,2024-08-01,1,-1.4237344353990602,-1.382698609532121,,-1.3029919325679402,-1.7998136643222806,-1.5763105900694638,A,X,T
100388,2024-11-01,1,-2.41278033092949,-2.51694114913217,4.2482971847466775,-2.284121317800767,-1.3901378924216685,-2.3889562497018084,C,Y,S
100495,2024-05-01,1,0.7777673890849254,0.03190240959131837,2.7113702280823233,0.8649649390568261,0.30351232792763905,-0.23610657948541816,B,X,U
100030,2024-06-01,0,0.316494261673308,1.6310647203547344,,0.4329887061921208,1.0072106491891328,1.5436156378051242,B,Y,T
100316,2024-09-01,0,-1.0322626705778368,,1.550325868745694,-1.131373302136572,-1.055605254693794,0.5901588050164148,B,,T
100408,2024-12-01,0,-0.3904639494628101,1.236234483783277,3.3925381716761347,-0.43690198868235497,0.42401430954041763,1.321310089836231,C,Z,T
100490,2024-12-01,1,0.05827433093544655,-1.347322118725194,3.909142044483458,0.16617529485905788,-0.22365258364321783,-1.3814352133385426,,Y,T
100491,2024-11-01,1,0.5487388188641266,-1.4209539982779267,2.2759133149080366,0.42897998996071085,0.6283076418034976,-1.4954627036969825,B,Z,S
100280,2024-04-01,1,-0.8876956557145598,0.3792574447731435,,-0.8922514683900139,-0.4779798467451777,0.33929788349426715,B,X,
100356,2024-02-01,1,0.8126012877536446,0.5934679863874239,1.040999151244243,0.7441456853356645,0.8069748957358015,0.6427090806995785,A,X,S
100076,2024-04-01,1,-0.6974238233002769,0.29292526677402253,,-0.5494776089150576,-0.60805876188058,0.2406997981485213,C,X,S
100461,2024-02-01,1,-1.0308137202711538,0.5042720513695028,1.2114483659707687,-1.0678847587184643,-1.1442424729090135,0.7123209608558285,,Y,T
100497,2024-05-01,1,,,2.796458278688739,-1.7815679344082644,-1.913728577614327,0.8557366389229725,,X,V
100211,2024-09-01,1,1.9510125601262995,0.5730352047201542,1.1119775136986496,1.9546606356877227,1.5927598599000397,0.6646465280895834,A,X,V
100101,2024-03-01,0,0.07203357323257792,2.104429232041297,3.5927646614227378,0.22004349360396952,-0.8473475858738937,1.9121515448819972,,,S
100334,2024-06-01,1,-1.4548224852577891,0.2721432553309625,0.5345231423033922,-1.6462004587406818,0.4190822290428924,0.0059017986441534664,A,Y,T
100475,2024-10-01,1,-1.5634779478686884,,2.623755800093731,-1.424270855771263,-1.9166723463613624,-2.243854486981428,C,Z,T
100336,2024-12-01,0,,3.3710530334754036,2.958432818096974,1.1935717046241594,0.14812918754413174,3.5162898723310976,B,Y,T
100440,2024-12-01,0,0.6250852012481537,1.025622876162674,3.2376388356099737,0.6461716614569624,0.7438409301385275,1.1039769082378443,,Z,U
100173,2024-09-01,0,-0.28488406638257474,1.1848861740556806,0.506735564168929,-0.25724262995719926,0.8156228158828945,1.1999116197547017,B,Y,T
100002,2024-08-01,1,-1.4670452453909906,-2.2318024878547544,1.4047894127509606,-1.4062000717480228,-2.3273758159078852,-2.6442177957605377,,Y,V
100333,2024-10-01,1,,-1.0954535840625927,2.4420710376158192,0.2185325046667035,-0.33584070528235876,-1.1811239712165533,A,Z,S
100409,2024-01-01,1,1.8478250129560454,0.2208693975258786,1.2980438431205412,1.8963448361038162,1.3215470382105792,-0.06901895561521296,A,Z,S
100070,2024-10-01,1,0.4390866789295762,-0.693472929693187,3.170409360160021,0.3899325963138596,0.65955388005182,-0.6850420817298142,C,Z,V
100209,2024-10-01,1,-0.13113753020334493,-2.0681560888865014,3.243194765462328,-0.0727206228681159,-0.508793215062855,-1.9855910622462836,A,Z,T
100063,2024-12-01,1,,1.5447973339260785,5.230102579717748,0.08566937726527582,1.331163128346784,1.5544178542828015,B,Z,U
100384,2024-01-01,1,-0.5334523471647244,-0.3241861552045154,0.04713417512563242,-0.5043318270515751,0.895161327826674,-0.11907592604375208,C,,S
100093,2024-05-01,1,0.03278209287626079,-0.9034703006743451,2.2609954343435414,0.06518111850347523,0.11302941526509841,-0.9821325346200015,A,,T
100485,2024-03-01,1,,0.874457080889215,0.5889095876910576,0.35756353828510884,0.33049677639201325,1.0693591204722461,B,,V
100185,2024-06-01,1,0.8035850193786016,,2.953155592157094,0.8854954362698154,1.3973683714411234,-0.20932701087173353,A,X,V
100033,2024-07-01,1,1.5733549024752425,0.01446381672219065,3.0550266733292544,1.4983547288503913,0.9174782957110785,0.005325358516000396,RareX,X,S
100077,2024-03-01,1,0.989583934594853,0.3278448274225472,1.1535904528214154,0.9705767673047786,1.475298616619224,0.4424619882478157,B,X,U
100000,2024-02-01,1,-0.09426255425255699,1.4252701119143238,0.5435198175066595,-0.04650148127687994,-0.4529745750943332,1.3517007878102674,A,X,S
100011,2024-12-01,1,1.7286976444055924,-1.2180814868745793,2.9227788520599955,1.4223196577743527,3.091293249736225,-1.3878794528861234,C,Y,U
100415,2024-09-01,0,-0.8690472478647824,,0.7832480695076685,-0.8236476847200864,-0.3369964379846378,0.013558726995518985,B,X,V
100022,2024-03-01,1,-0.555327218819016,,,-0.485578387626916,-0.3810163645861164,0.5604559531581997,A,X,T
100072,2024-06-01,1,0.43899315873829875,-0.6047492896927326,0.49652311770167296,0.7157367479415248,0.7030868344243361,-0.6417728590194705,B,X,T
100182,2024-06-01,1,-1.4805365125650163,-0.6857390630360848,0.2113360743340818,-1.5181469316209746,0.10605820006668876,-0.7489396542329396,A,X,
100131,2024-07-01,1,0.8567939825665268,,1.4747442468506486,0.7408100539898304,-0.26446890384034216,0.9593029885596179,A,Z,T
100410,2024-03-01,0,-0.17417273380495787,1.1551890869842094,0.11617000850030033,-0.19813444934842256,0.4327197833262441,0.951036547798089,C,Y,V
100193,2024-05-01,0,0.9282969915684843,0.3715440982910002,1.1337479893414872,0.8678371299505303,0.7310607837509107,0.2300701096355918,,RareY,S
100055,2024-01-01,1,0.2959939896870995,1.1948416630799081,2.0024329747319647,0.2689542954775553,0.8092222501371553,1.310925340216388,B,Z,
100148,2024-10-01,1,-1.4127658838923665,-2.0447914351324505,3.784947313752511,-1.5830437450816974,-0.98973560023115,-2.02538000459807,A,Z,U
100018,2024-11-01,0,-1.3748958083699818,,5.804025079475952,-1.2644017594742092,-0.6046520669665467,0.4474791699868986,A,Z,S
100204,2024-06-01,0,-1.4768578168457318,-0.4268379786852416,5.630038303978342,-1.4106630579026802,0.4166192458598388,-0.213676587974774,C,Y,T
100078,2024-07-01,1,-1.1783036231148656,-1.3673148013098895,0.3429902620255987,-1.383779753882395,-0.41040981727136305,-1.1141818453868937,B,Z,U
100494,2024-04-01,1,0.15811908490510918,-0.9510309965494973,2.1592348741607963,0.23313391122834254,-0.5151839250332262,-0.8914762562054003,C,Y,U
100262,2024-04-01,1,-1.502503456040897,0.7606924532804908,3.985551924003535,-1.509504741922177,-0.5264387999885909,0.818400950468276,A,X,V
100323,2024-11-01,1,0.9001845640199633,-0.7732405442556275,4.774042419970012,1.0412007635501568,-0.016301567040853948,-0.7427595042465418,B,Z,S
100483,2024-10-01,1,-0.9228864418952676,-1.0810763943654902,,-0.9698729668172249,-1.6098258417058287,-0.9460764447010303,,,
100079,2024-09-01,1,0.7823503424176613,-0.5774893486384945,1.0259337603490262,0.7634917291170603,1.070160003237477,-0.46017011277428355,B,Z,U
100039,2024-08-01,0,,-0.061436534179916284,2.979392804706663,0.4366734560192974,-0.3649832476347459,0.0849619582924599,B,Y,
100451,2024-12-01,1,0.95205365313989,-0.30798493967970336,5.179192325334664,0.9588092015479724,0.9993963005276003,-0.4370873961543822,A,Z,S
100046,2024-06-01,1,0.05246679835624363,-0.24349678175465728,1.6321926671964762,0.1351075293455694,-0.416185570527869,-0.3194221717585074,A,Y,U
100238,2024-04-01,1,2.5976737265958323,0.5325752512597255,0.8580015357075441,2.698540562191316,3.2221866231792538,0.6279517519996153,B,Y,U
100391,2024-03-01,1,-0.40526926544933184,-0.8230232114119713,,-0.4638610864944903,-0.838091213232464,-0.7708330398345647,B,X,T
100352,2024-04-01,1,-1.6517591481792673,0.21643673163167781,,-1.6525158778423823,-1.632291510773182,0.39517577375906277,B,X,S
100341,2024-04-01,1,-0.2937789201521298,0.5191133420713826,1.4336875653871664,-0.38352821723759606,-0.17375923149857583,0.640028374591403,A,X,
100277,2024-10-01,1,0.8978154084105481,-0.40419836116871144,2.9534219244067828,0.938588245372352,0.5434844321748942,-0.3513979180780667,B,Z,S
100290,2024-10-01,1,-0.9411220959249583,0.2433300579028408,3.4262599683517667,-0.902218336881582,-0.9809246722164127,0.382358444939322,A,Z,V
100317,2024-09-01,0,-1.2444717876010754,0.1420174960658454,1.9762518925367187,-1.147671907145689,-1.6628155754265128,0.45019926025896195,C,X,U
100304,2024-07-01,1,-0.1591848713800608,-1.031047222290684,2.6953429147231516,-0.3401465682717837,1.3713424766973004,-0.9574561869223007,A,X,T
100268,2024-08-01,1,0.46508020950030626,0.4546111241500733,3.0192345605744144,0.48954840204904126,-0.5523121350645385,0.6506610571606757,B,Z,T
100069,2024-06-01,1,1.1774118889776937,-0.2424998944672849,3.507790503614978,1.1740515449820794,0.11326550031933558,-0.30212239470669955,A,Y,S
100455,2024-07-01,0,-2.320356012386145,-1.4735998569869968,1.0471799719484272,-2.42895946768956,-0.9089397544120241,-1.4314717046781684,,Y,S
100465,2024-12-01,1,-0.9105748839214486,-0.8548044772952504,3.5201149128321436,-1.03701792003917,-1.6746713071331871,-0.8177534711726243,,Y,T
100154,2024-06-01,0,0.13824143205868192,1.2592075326520886,1.4831304337193512,0.1998649717140132,-0.6313397699212876,1.2796978751039938,A,X,
100082,2024-02-01,1,0.7508689887312598,-2.539985338764637,,0.7332323936823268,0.12025468182945298,-2.5014901816024073,A,Y,S
100477,2024-01-01,0,-0.3509523822179781,-1.4344307691577234,0.7689072595632089,-0.28619497191180954,-0.854489551401846,-1.5480725278390606,A,Y,U
100172,2024-10-01,1,0.7494338997277404,-0.7466012403051098,3.5952523518031025,0.6511237069619129,-0.7370070654554405,-0.8443073838152426,C,Z,U
100321,2024-02-01,0,0.051142058552161786,-0.5477653730696669,1.8580698083353455,0.15057710536459362,0.5636782233183941,-0.2429148193631162,B,Y,S
100090,2024-06-01,0,0.637533810897696,1.873725842164288,3.367162893369944,0.5190153528444642,-0.14055705725334344,1.8219523120778534,B,Z,RareZ
100180,2024-12-01,0,-0.8373982238274621,-1.0404063075881116,3.416168273889938,-0.7554639141214874,-0.6804990226277949,-0.8745053638626936,B,,T
100414,2024-01-01,1,0.3194002637912288,0.13273574709441324,1.2373239082457215,0.14205880991026074,0.6713364391603645,0.029695103844536344,C,Y,V
100312,2024-02-01,1,2.0350733027310675,2.9341561740707,0.26034690449189973,1.9534906379326242,1.4181725302368802,2.9851024390777026,A,Y,U
100278,2024-01-01,1,1.6289369476239914,0.7436423585789746,1.3327518536755967,1.5968829097902366,0.5049358149420291,0.7205373610925947,B,Y,S
100381,2024-12-01,0,0.2689134476786009,-0.8997760059414209,,0.25327129976427104,0.4540798632580784,-1.1213721690890208,A,Z,
100472,2024-06-01,1,-0.01208465078826744,,2.068944107429257,-0.1065269386285766,0.77503258459106,-0.9294677628787161,B,Y,S
100362,2024-03-01,1,-0.6275875364369197,0.6235926880158031,1.0895792604803365,-0.49228017868271373,-0.46978700621226205,0.6305391827349242,A,X,T
100324,2024-12-01,1,0.7394126723009475,-0.07230221568154434,3.203501014537302,0.77035395627694,0.6276019850049555,-0.19225082902619095,RareX,Z,S
100431,2024-09-01,1,-0.713874824036484,-0.14025622369022883,0.6600965702187778,-0.6184399911273142,0.2560943338997175,-0.2587196357089458,C,Z,
100347,2024-12-01,1,0.23544836830993032,0.7838938599374724,2.765548939222444,0.31782046101430955,1.0326683031963044,0.669069564781135,A,Z,S
100086,2024-02-01,1,-0.06695317289820084,-0.14113302651014512,0.6326716149964126,-0.0017991108338049344,-0.15763024775487444,-0.13139156337753372,,,S
100075,2024-06-01,1,0.06654581585920483,-0.4823910961550457,1.8699414580807827,0.1509395050145404,0.10041734490773183,-0.7265974282477274,A,X,U
100438,2024-01-01,1,-0.16692793010856513,0.5009663504904174,,-0.08339023071834203,-0.3354778354616807,0.38981356352358315,A,X,T
100015,2024-10-01,1,,-1.105020477370953,5.460244525815982,0.23635175215371904,-0.4174241552227776,-1.1649784858144177,B,Z,T
100249,2024-01-01,1,1.08528700444591,1.0446667313036717,2.484391262076951,1.1657750610321478,0.84442712029507,1.2060251764278005,B,RareY,S
100433,2024-02-01,1,0.8358078963143372,-0.10182063799441173,5.1571206395491735,0.8503709277487257,0.43766325591491073,-0.12666820934701495,C,X,U
100019,2024-06-01,1,-0.23817374397466523,1.4995983204525325,1.120592398479224,-0.2104778764527287,0.5943864068543323,1.6952753750198652,A,Y,
100322,2024-08-01,0,-0.765535277429713,1.3586814866150971,0.5023362032450611,-0.7572634572433941,-1.3653523124799225,1.2051343223601134,,X,S
100332,2024-04-01,1,-0.8996947864877538,-1.911353111665833,2.8722765621340427,-0.7759064176958808,0.3187475203638682,-1.9754862838652612,,X,V
100056,2024-07-01,1,,1.271068486675585,1.731690412719505,-0.329968092035965,-1.360424637257457,1.0301299639312778,C,X,S
100301,2024-10-01,0,0.24766590110894313,0.8382796144458061,4.727910169143964,0.15351214088596302,0.17631700899183456,1.0897688341826606,B,Z,S
100229,2024-03-01,0,0.34770845245095694,-0.33935489897708404,1.171069937127449,0.2715093000682579,1.950014932121058,-0.30313707503671966,B,,T
100331,2024-05-01,0,0.26203581207438104,,2.6999803166278653,0.17976560976647094,-0.6260874436976193,0.09875964573300805,C,RareY,S
100132,2024-02-01,1,,0.07560284200163968,1.983336106740006,0.7976290651820928,1.2881667644664039,-0.05997905143549155,A,X,T
100137,2024-01-01,1,1.604254361517141,-0.1241041362895602,2.7868112096776647,1.7022734486843232,0.11873660537526454,-0.0003634528474447951,C,Y,S
100423,2024-07-01,1,-0.08158776968512098,-1.1821896387729915,3.366579888916848,-0.10556487097448015,-0.5735017185413439,-1.1180674824548658,A,Y,T
100335,2024-10-01,1,1.3361861000121709,1.5828158372896752,4.2418526995329024,1.4400150929105529,1.3575332704091934,1.7922295726763868,A,Z,V
100025,2024-08-01,0,0.15542932766846604,0.10034529289266868,0.9293428196040705,-0.0026046041160874556,-0.2121306394876426,-0.053930343248521764,A,Z,T
100464,2024-01-01,0,-0.9759588161149049,-0.8090549540694107,0.5447395445552476,-0.7918332546722144,-0.24364327574747363,-0.7667417704441788,B,Y,V
100281,2024-06-01,0,1.3357843363202329,0.4917941487944312,,1.287072980238715,0.6683600414370383,0.3944351858382393,B,Y,V
100247,2024-05-01,0,-0.8515371891857679,-0.3631437113645359,0.6826301892941404,-0.6808604251438706,-0.8482920283949498,-0.5722189841697297,A,Y,T
100237,2024-06-01,1,0.006339062362268442,-1.7002105111162489,1.4367000543160962,0.031230422229771397,0.4954495638276842,-1.5018901270044773,A,X,T
100117,2024-02-01,0,-0.8633452647393817,-2.324360319246498,,-0.7843112065609112,0.03383061928034903,-2.2756276114228102,C,Z,U
100042,2024-09-01,0,0.45442033821436295,1.0730559942160913,2.6029088538355794,0.6479584565672739,1.550552752264084,1.1457525209128467,B,Y,T
100220,2024-02-01,0,-0.8333688059494058,0.15723253943210347,1.1793333282317044,-0.8433985726937466,-1.5268121113193063,0.28838390369906153,A,X,T
100176,2024-09-01,1,1.3276861322676916,0.6352960885508666,3.2853528587909175,1.3346974481410132,2.102239742100855,0.932635133572705,C,Y,S
100320,2024-04-01,1,0.3342951284977145,1.7448602177489498,0.8183510635925079,0.3803169924412208,-0.10216007370333263,1.791210571161805,A,X,S
100153,2024-04-01,0,0.7019536262212701,,1.1883393081675,0.638745043940379,1.7986689005270766,-0.23243321670589567,B,Y,U
100231,2024-11-01,0,-0.28436383804009513,0.26774642208739935,3.2198354618393807,-0.06329975030077117,-0.7463084362452023,0.26147683790607246,B,Z,V
100227,2024-07-01,1,1.1059933699072981,1.1092293086249208,4.422407636768532,1.03581667528062,1.9361599153128943,0.9659325823019494,A,,S
100417,2024-02-01,1,1.2125188368316004,-2.941046554248104,1.4742221779146565,1.1903592198317903,-0.22083721384708688,-2.8568153810551573,RareX,Y,V
100203,2024-09-01,1,-0.3427861508643793,0.34723098834853333,2.2702570334339884,-0.21053571771206706,-0.7266230961117952,0.06283320847662371,A,,T
100126,2024-01-01,1,-0.8222500172903203,-0.4883324985270707,0.44749385039605116,-1.0183345771372736,-1.1593117085108195,-0.6493878604347408,B,Z,V
100329,2024-07-01,0,-1.4481272594150476,-0.23626283844469143,2.697406102241959,-1.3768275168805377,-1.573566679128405,-0.16904151675068546,B,Y,
100031,2024-03-01,1,-0.09728659841348947,0.3062561002270495,2.2732900260839997,-0.004512358458368948,0.414282517189995,0.39931195931675323,C,Z,V
100113,2024-06-01,1,1.0684715559890383,,2.8654821774438366,0.9985693706786457,0.36437372026674625,0.2924079595324147,B,X,T
100470,2024-09-01,1,0.701663648089567,-0.5868929617427084,2.7901506735172568,0.6990997420547996,0.14506678991671523,-0.5762437544289662,A,Y,S
100271,2024-01-01,0,0.09947747301573849,-0.6008936925082994,1.3251862353216153,0.20404148503666508,0.4172226737756053,-0.8012517689039848,,X,T
100140,2024-12-01,1,1.309550684860527,1.1371795318179596,3.6790774602918717,1.2229566964772984,0.6247315289932931,0.9098257435909389,A,X,
100057,2024-02-01,1,-1.7567217824785826,1.2310042114622863,,-1.6309438873916382,-1.016277686789924,1.1840311206260443,B,X,S
100192,2024-08-01,0,-1.8309058258475304,1.9768727971239952,2.6131707938649136,-1.7313119573653046,-0.902340692878168,2.0123214394282254,A,X,RareZ
100024,2024-10-01,1,1.0127158178198286,-2.14033335565702,4.3785609240831045,1.1098164514157474,0.29713835137964334,-2.2012534024776675,,Z,U
100017,2024-02-01,0,,,1.357600351360471,-0.13248740536167386,-0.5656794095675268,0.8828422562219375,A,X,T
100265,2024-07-01,1,,,3.485682371414224,2.366216672224783,1.8891809175456413,0.7872705056260402,A,Y,S
100066,2024-11-01,1,1.3000445946989585,-1.4930470546330432,2.267648984279627,1.2098334808808533,0.2565600513857976,-1.490198376637027,A,Y,T
100208,2024-04-01,1,0.3833771131824704,-4.37809539025774,1.6462503164553173,0.41615176017766536,0.24641288299371097,-4.213767028533368,B,X,S
100479,2024-02-01,1,-0.09617893692333225,-0.053323401245225305,,-0.27381570080795437,0.11706252166968743,0.041447303636564015,A,Y,S
100094,2024-11-01,0,-1.2165601493811278,-1.0732152552930345,2.5856156697414585,-1.09563369253859,-1.0940700928498794,-1.226152931518151,A,Z,
100253,2024-04-01,0,,-0.13168101795622042,5.314227204092678,-0.1650736537696412,0.5387620000698463,-0.14069485511949015,B,Z,S
100266,2024-06-01,1,0.4348842714636474,-0.44980975547713153,1.4343512628272328,0.5497099139152463,0.2331370995508016,-0.2156317755006592,B,Y,T
100023,2024-12-01,1,0.471538522545139,0.40894968960252703,3.3094813201892803,0.6992815674007489,0.2897780226042028,0.5699383643709006,A,X,S
100222,2024-09-01,1,-2.0729834359912918,-0.13167294203314814,1.803455782693626,-2.0622729329903446,-1.3007666502503819,-0.021736658417517957,A,X,S
100261,2024-03-01,1,-0.7194802332847904,-0.4973676790030302,1.4091044843247404,-0.6512409823035111,-0.4941851789189607,-0.2621367119434554,B,X,S
100426,2024-11-01,1,0.48206683552552526,2.1620903372965756,4.513249781941306,0.3541171559341355,-0.6778981761561869,2.2698425203307,B,Z,U
100005,2024-11-01,1,,2.1571134269211774,5.593469784477687,-1.1423337033401213,-0.21804417428806588,2.0343387865596196,B,Z,S
100116,2024-01-01,1,0.2703432392817259,0.509959076923379,3.985039572795674,0.24297283969994904,0.40742452451557876,0.5438380523708619,A,X,U
100045,2024-12-01,0,0.2637172043565196,0.05305485372503767,2.502858939317853,0.2898592456295164,-0.7978928956936642,-0.01353039173777576,A,Y,V
100016,2024-07-01,0,-0.37615607123009925,1.0260231891567344,1.7569231330869208,-0.252631332399072,0.8109085472116386,1.2875664692504691,B,Y,U
100462,2024-09-01,1,-0.056954541213528984,-0.12287604793331564,4.6751956656351,-0.1474352915349712,-0.6928756415751991,-0.08860694567346747,B,X,T
100357,2024-11-01,0,0.24165971982083806,1.168396213612908,5.965216044700375,0.17335053966232059,0.3016183047760935,1.0742596274312537,B,Y,T
100003,2024-06-01,1,2.129247112028298,0.1188417852086411,0.2021821256255764,2.1078196177728517,2.741863332369179,0.113002405135915,C,Z,T
100218,2024-06-01,0,-0.0258628479538564,0.48964341225752017,1.1925671904620525,-0.0041188064235302725,-0.15777833776438893,0.6358561845205074,B,,T
100405,2024-07-01,1,0.6152567669685612,0.5677046376329702,1.9599649407217385,0.5496824207253298,-0.41782990530517156,0.5882356357363779,C,X,T
100060,2024-12-01,1,-1.5338614049161376,-1.3004385928296727,4.521253741922797,-1.772200275211874,-1.0671532842392562,-1.163923368588707,A,Z,
100110,2024-04-01,1,,-0.5877002194814509,1.375343723377938,0.8111142555474362,0.6761326771834381,-0.588942202070889,A,Z,S
100318,2024-12-01,0,-0.8887973132309185,0.5336721818342796,2.6770089715111323,-0.8974933107915206,-0.4583234190383241,0.5454397014509662,B,Z,U
100428,2024-01-01,1,-2.564744341820567,-0.4362999483681587,1.3991418065123375,-2.5710763277916633,-1.7337358002097427,-0.7271128424186875,A,RareY,T
100029,2024-06-01,0,-0.7215580335428474,2.0747944090628443,,-0.7642185318487573,-0.8737271076391102,2.157887434962143,B,X,U
100437,2024-12-01,1,0.3877031412620148,0.4394515173407249,2.6667894347627987,0.2764987158260947,1.1021282102982326,0.30572209913991943,A,RareY,T
100471,2024-10-01,0,-1.0350781140406409,-0.22314801262325862,2.9155264083277688,-1.0753564081512648,-0.33485793529558233,-0.290078802275348,A,Z,
100026,2024-05-01,1,0.35175640839920347,-0.6674303506189502,0.12169731657289272,0.3964225599270938,1.30265701266621,-0.7000018925803972,A,X,T
100007,2024-09-01,1,2.905067169240407,-0.44606003590283394,0.7838710543873411,2.796022443985359,2.4453167886102736,-0.4949965881464082,B,X,T
100453,2024-01-01,0,-0.8267050469168946,2.320552182225824,0.7068887138212805,-0.8105131101883878,0.28400612455125096,2.387293491607517,B,Y,RareZ
100108,2024-06-01,0,,1.1627974443310294,0.7162425109828185,1.4644712531533166,0.2666027030332333,0.9412162498118747,A,Y,S
100037,2024-10-01,1,,0.07246311410930051,6.271001418693134,1.1021408781125048,1.5262404711599118,0.38173298701904174,A,Y,S
100157,2024-07-01,1,,0.5746506462245539,1.5078089576075975,0.5019913655163954,0.5311879251047107,0.5573503970034535,A,Y,S
100489,2024-08-01,1,0.4478137167227104,-0.6594631453560994,0.3497798580504876,0.45920123613691166,1.003286193942829,-0.5457966312156713,B,X,V
100118,2024-03-01,1,-0.14752868024035293,0.7998872023314403,1.7039519856826182,-0.3008151680756237,0.4339319089886051,1.0816440721304097,A,X,S
100114,2024-07-01,1,0.23287802013716835,0.016782266238350954,1.1721638283766,0.23714112258094303,-0.4305234727730507,-0.12796964247857556,A,Y,T
100175,2024-06-01,1,1.0892174967107926,1.723562107875949,0.3380247974999251,1.0762438763919422,0.22643487025626452,2.012314028136327,B,X,T
100373,2024-05-01,0,-0.8065989043073726,0.12243755668868904,2.8614152314364603,-0.8279942186934538,0.1962799817349532,0.32289447537021265,B,Z,S
100181,2024-02-01,1,-0.5944003521987352,0.1430710333528705,1.9618821936928699,-0.3340377223236942,-0.25388600849046383,0.09373305280286393,A,Y,U
100144,2024-12-01,1,-0.7941362900254239,0.34670000060244827,4.402526395666603,-1.0313558428317753,-1.412065031085491,0.42071479883000257,B,Z,
100369,2024-10-01,0,-1.034308051674399,1.7848779476230352,3.241008156231027,-1.033775765629229,-1.169267828047442,1.765789951275242,A,Z,
100390,2024-09-01,1,,-0.3156881093476234,1.66131693497593,2.5472573161963794,1.3502464000780792,-0.2221944494098278,B,X,S
100195,2024-02-01,1,-0.5339002383735546,-1.3810374110226802,0.9117494534368721,-0.7255599851253757,1.0192434797768097,-1.2652056894198045,A,Y,S
100404,2024-06-01,0,-0.1420032144075213,0.8281253097168148,2.598208187266297,-0.14399338149817983,-0.7546464578784502,0.5679674453494796,,RareY,T
100275,2024-06-01,1,0.668326018107997,,,0.7314498509147117,0.41642121767358886,-0.05951751490887679,B,X,V
100454,2024-08-01,0,-0.7824163339614458,,0.633513410761975,-0.6784794294695905,1.0474510259165681,2.4208762867021187,A,Y,S
100141,2024-03-01,1,,-1.3333258811010698,0.4558505889985644,-1.7670091709636693,-1.0921791442119348,-1.5204700509726385,A,X,T
100365,2024-07-01,0,0.7629264823369366,-1.6269767653518648,0.3641199383441662,0.7586831013290258,0.7980185685421944,-1.5323567407299619,C,Y,S
100067,2024-05-01,1,0.582655241987707,-0.3829279164130774,1.7463708167770187,0.4274044946577016,1.1080594015411769,-0.3881298039158659,A,X,T
100210,2024-04-01,1,0.3487758940462951,0.5421223211291809,1.4778137500885533,0.2580141434362351,0.32919761139992876,0.3457580632709831,,Z,S
100168,2024-05-01,1,-1.296472328074761,-1.2914942403825218,0.9160315944052345,-1.3983038813108868,-0.0663066447408629,-1.3426287272992743,A,Y,V
100493,2024-08-01,1,0.278143726454627,0.39241184254717776,0.5237269326315447,0.31129789596799623,1.3687320296250938,0.201633564872045,B,X,U
100375,2024-02-01,0,0.7138201364823995,,2.0895417280973847,0.6553012915896983,1.9078220052255626,1.1585073753312938,B,Y,S
100400,2024-12-01,1,0.6991967316948878,-2.783532872101462,2.802694490283277,0.6569406334150132,0.029007453247368142,-2.8088592598819067,B,Z,V
100272,2024-02-01,1,-0.08610065182104851,-1.9861144118222205,1.0462030678888075,-0.17263493503123192,0.03905532591504265,-1.8454859735597569,A,Y,S
100109,2024-09-01,0,0.3683566127006584,,1.8666998312530483,0.5276478216129392,-1.0952131079723262,-0.5217820853650427,B,X,T
100248,2024-10-01,0,0.6655852363134291,-0.5793481904695738,,0.6872057039456979,0.16520643580219158,-0.6731918064297832,B,Y,S
100145,2024-11-01,1,0.43963660601699356,1.4939368543757345,,0.38606511874005356,0.6960738051479922,1.4878854963956327,A,Y,T
100092,2024-11-01,1,-1.013717366440399,-0.4557678141478741,4.528904210226175,-0.9987092534058964,-0.7531685451425627,-0.5489871092845402,,Z,V
100152,2024-12-01,1,0.45938577171661177,0.046297347577100474,4.2994470213566025,0.38488747784404764,1.4467771262230362,0.06356705270327191,A,,T
100367,2024-04-01,1,-1.6855973173848082,1.5642780813697048,2.5992070038243824,-1.784221328436468,-1.6580706618129186,1.7428681831998927,A,Y,S
100467,2024-08-01,0,-0.22153611573080054,2.737959452731274,1.1232434364945119,-0.351729572747151,0.9229723867363446,2.843162078482998,C,Y,S
100083,2024-10-01,1,1.8206461576468016,-2.2342141838910137,3.936699037457876,1.7514691833465703,0.8311858409768207,-2.207575516352475,A,Y,T
100245,2024-02-01,1,-0.7794823967254196,-1.6851229177088989,3.5152401844667622,-0.8101951040339982,-0.017540997347388343,-1.840616352583589,B,X,V
100165,2024-10-01,1,-0.11754216732813036,-0.2705177390737191,2.7310454810697253,0.0646633548061539,-0.3047900729697913,-0.15164162732282813,A,X,U
100163,2024-05-01,0,0.5211672557321126,-0.7466489343536615,,0.4634824084172814,0.5624663657546849,-0.6678845382577719,A,Y,T
100199,2024-12-01,1,-0.18924434093640552,0.25393167935406025,2.8755712919250462,-0.30813235629616603,-0.6581700438638554,0.0467570896304442,B,Y,T
100228,2024-07-01,0,-0.9620911163416273,0.04153424902230674,1.6200642600191006,-0.885495571069004,-0.7156199245949486,-0.0007679232679747086,A,Y,T
100074,2024-09-01,0,-0.29657095353470836,0.37374340116412746,3.5152401237500954,-0.19162109294837648,0.6465867250800604,0.2118998231068324,C,X,T
100478,2024-08-01,0,-1.0222802816473295,1.589946815257957,,-1.105432558913967,-0.5302833765350522,1.3336868313149548,C,X,U
100358,2024-02-01,0,-1.7749620596421283,1.4903519961765732,2.296958070003487,-1.621226304452348,-0.7514895678100546,1.3578382227634278,,X,S
100250,2024-03-01,0,0.36653140723722993,1.775129412809076,0.790804670693019,0.37890540867836897,0.9614665950962153,1.8286428563553296,,,U
100119,2024-02-01,1,,-1.1784233037963607,0.6598636998154973,-0.20422395494779483,0.7077745588873747,-1.2787597047968737,B,Y,T
100310,2024-08-01,0,0.5565334427512632,-0.24488230132661873,0.19616399281055985,0.549211610352881,1.2946566323398723,-0.3361374257122215,A,X,T
100299,2024-01-01,0,-1.686468151234102,-1.1457501805569859,2.1549217584246168,-1.518229792700092,-1.0587848610458417,-1.1712313530939467,A,X,
100255,2024-02-01,0,,0.9201874461410924,0.6806795106645509,-2.0025534001881695,-2.7419202387360286,1.0187102251491131,C,X,T
100354,2024-12-01,1,-0.42360660646083825,1.4715515467787397,3.2438912557738036,-0.5007296230843021,-0.884953959558973,1.5237819991704624,A,Z,V
100399,2024-04-01,0,-1.4944056198193065,2.062554003659831,0.8863384365806252,-1.6372871632419344,-0.5629811439050755,2.1097659494982692,A,,
100225,2024-04-01,1,-0.2931915866487618,,,-0.29341661109917755,0.7827422272376681,-0.3425874434735983,,,T
100353,2024-06-01,1,-1.281069206845832,,1.8997069428316775,-1.1880314210835428,-1.0061553504164473,-0.892467546433737,A,X,S
100234,2024-06-01,0,-0.33925848388401536,-1.2499051591455261,0.37370647285102643,-0.39406577720849767,0.3476046281303682,-1.2846221787988448,B,Z,
100382,2024-12-01,0,-0.6196659341286136,-0.28299523460982334,3.262536818333855,-0.4556305247387825,0.16286290462074904,-0.06953096218308039,A,,U
100274,2024-06-01,1,0.34464522623605237,-1.2252541928139864,1.1861770830452787,0.4060892385252998,-0.3548320647136156,-1.0957903247723502,B,X,S
100036,2024-11-01,0,-1.112411471983418,0.476389565398608,3.795562468431063,-1.1614336869872954,-0.9640524487692755,0.5589276268536629,A,Y,RareZ
100196,2024-05-01,0,-1.06975241128969,-0.10545209089874469,0.3097512063013094,-1.1956937179603033,-1.6549566729126888,-0.09017899893324989,B,X,RareZ
100139,2024-06-01,1,0.10788044434303304,0.27067180741221686,2.0778669900637805,0.03812472368340224,-0.3079709395100816,0.42845003649134483,A,RareY,U
100364,2024-02-01,1,0.5411316108045314,0.8408677882315029,0.6875561297634305,0.45945229287750583,-0.1396749759548887,1.0249089196968937,A,Y,S
100244,2024-08-01,0,,0.7583777805136743,1.4516736272126751,-0.07988164101480896,-0.312348447658541,0.8402596061745461,B,X,U
100439,2024-05-01,1,0.816775867200791,-1.5845867809884446,1.6907911591938771,0.9353901174126741,1.3603525550373292,-1.7017654349104956,A,X,V
100286,2024-02-01,0,0.13148581680545218,0.04327191215735449,2.157312318486567,-0.03642522595691955,0.8030832009656821,-0.06812991604781846,B,X,V
100059,2024-09-01,1,1.727350214164185,-1.0140543935629813,,1.7285218559361215,0.47286687304906583,-0.8972299359948266,C,Y,T
100111,2024-10-01,0,-0.5709436615217945,1.0903216318705333,2.364113448451632,-0.8148686253790561,-2.001039484895106,0.9990844397906657,A,,S
100089,2024-10-01,1,1.5112284332767216,0.47512064931698833,3.128539949252586,1.530984061529472,1.2316467296036901,0.35426292432506956,A,Y,T
100436,2024-07-01,1,0.42018859872493736,0.17835251436339702,0.9797663790730105,0.5059096340805986,-0.11546814016545498,0.17078140344618375,B,Y,U
100006,2024-02-01,1,1.836913528321314,0.6195570865217411,1.6701556996215356,1.8785503431352095,1.976795395985464,0.7817746569660209,A,Y,S
100360,2024-11-01,0,-0.5775388873556505,,3.9043854076800404,-0.6327413602568082,-0.23102921142371785,0.7273384247664745,A,Z,V
100346,2024-12-01,1,,-1.8523502430264978,3.6031456597348144,-1.0042668640741024,-0.418348743449346,-1.7555833398773295,A,Z,T
100338,2024-03-01,1,0.36345433783907316,1.7223601879745278,3.771209057246475,0.35467076997870317,0.8121814170171027,1.513931685141809,B,X,
100158,2024-07-01,0,-0.7046732628698824,-1.842770483911343,0.27413532821691505,-0.5496842062569698,-1.4021593181290866,-1.6831236559742657,A,Y,T
100150,2024-11-01,1,,-0.6692746649942577,,0.16535054970095225,0.2932060998924188,-0.8351499423170754,A,Z,S
100177,2024-02-01,1,-0.06913793472613955,1.6361144545028383,1.5453383672736214,-0.012020528097034827,0.8549276467703677,1.6430914300350494,B,Y,S
100393,2024-08-01,0,-0.31048397619594376,,0.5474792251030557,-0.40553759691451796,-0.4054615399649919,0.08938987326046666,C,,T
100184,2024-06-01,0,-0.35801668807442916,2.2586098562448593,1.3819980274114618,-0.2811201009170546,0.26777304793784645,2.177864991947362,,Z,S
100449,2024-04-01,0,0.3140772238697992,1.8381346687212632,2.1625696110518877,0.2000565382046834,-0.512123888124282,1.8502258350643415,RareX,X,U
100010,2024-07-01,1,0.34155555094050954,-0.35911764466230767,1.436493188832312,0.3542422485700938,-0.06619207066042043,-0.6466400254270691,A,,U
100380,2024-01-01,1,0.03210767397093466,0.0037302602227640936,,0.17681354357404488,-0.2615380587736544,-0.037368504511786374,B,X,T
100103,2024-01-01,1,1.6162096816512073,0.15726939125537315,1.9323289591198627,1.5774308860962782,2.223276601138494,0.11479489192239725,RareX,X,V
100081,2024-06-01,1,1.1712470934673194,-1.3944954152811444,2.18716441814996,1.074267053955812,0.07355533950861304,-1.4293505011876602,B,Y,U
100038,2024-04-01,0,0.2627492251471385,-1.5631825402013573,1.7606399005913946,-0.013518325420235844,0.8081587203512088,-1.4222694769316302,B,Y,
100314,2024-03-01,1,-0.30708321833457675,1.76641747978816,1.4408761729360564,-0.18045276261764018,-1.11374606504882,1.8500538562118825,A,X,
100167,2024-03-01,1,-1.993060371054156,0.08390349719379035,2.5632644675336334,-1.8903022639987737,-0.7741937694580425,0.294424054908916,A,X,V
100469,2024-12-01,1,-0.013646791795296761,1.0641108652856863,3.4293269477307033,-0.059880762347425454,0.611456733379071,1.007891604067174,B,Z,V
100296,2024-11-01,1,1.1478126607335635,-0.6693256151873083,2.479749076031928,1.1837083047987105,1.6448827696407826,-0.5616667738747988,A,Z,S
100474,2024-08-01,0,,-1.6536111322174394,3.1617645965586174,-0.9700665635304747,-0.2019836908921837,-1.754556784876559,B,Y,V
100198,2024-05-01,0,0.4278904406949172,1.0391623661005838,1.1571995741335814,0.4124293648329263,0.5168902717755064,0.8419080002699207,B,,T
100297,2024-06-01,0,-2.3942603049004716,0.9668143670910011,2.1396871658572016,-2.38965449104276,-1.5337262519783732,0.9838199477947847,A,Z,U
100416,2024-12-01,0,0.17739611463694044,1.767544286627489,3.545157117675293,0.3006824889678414,-0.5805801000934787,1.67255615628645,B,Y,T
100146,2024-01-01,1,0.524187842812771,-0.5176073258874125,1.1035442491849186,0.43408443988727574,0.020648826846068724,-0.8468848878657438,A,Y,U
100392,2024-05-01,1,-1.9368380406201853,1.6580491120533563,0.6900681443201946,-1.9100217625246536,0.5518524247121435,1.6231215046360186,A,X,U
100147,2024-03-01,1,0.27627417932855375,-3.0020398129915855,0.6639081638653912,0.4338419385456198,1.5413696412020264,-3.3054068713981075,,X,S
100447,2024-12-01,1,-0.45884049314930064,0.7355584565695188,3.57866138927095,-0.3881872418595179,-0.3651105404422216,0.8357881331031635,B,,T
100287,2024-07-01,1,0.2582288233226952,-0.005559566669214384,1.1128606290183467,0.24740548949039787,-0.48628651547575674,-0.183262263218563,A,X,
100123,2024-06-01,0,-0.12500903031957764,-0.8322073974867369,0.5045129856556797,-0.058153495993904056,0.01363656071348801,-0.9073001193850349,A,,T
100368,2024-01-01,1,0.5380344399282511,1.008264195233037,1.78056244137408,0.5324659346632516,0.4136322266306683,0.9103447511561678,A,Y,T
100096,2024-03-01,1,,1.7129823404214055,1.2489914500121149,0.46900932005113855,-0.8302019231592477,1.7045905256146152,A,X,U
100143,2024-05-01,1,-1.6012779371188537,-1.311988629464859,3.5926217629197548,-1.6367366918439894,-1.106587930304651,-1.061320445180372,A,Y,S
100239,2024-08-01,1,0.2230797426252751,0.5560437672392242,1.372463838401444,0.2715250865501173,-0.9489968227386042,0.3774712040359709,C,Y,T
100442,2024-02-01,0,-0.5213229186372847,0.7594294975287678,,-0.4812919278063174,-0.02242700419946264,0.7326437023446897,A,X,T
100097,2024-09-01,1,1.1553120361066962,2.204864010585024,2.8582587655817155,1.0555096767773084,1.260586408294591,1.8659819289483823,A,Z,S
100407,2024-02-01,0,,1.2228524318901148,,0.30798851545747985,0.6067422465830373,1.3018571382058013,C,Y,U
100122,2024-08-01,0,-1.0585360819784093,0.10077720397734512,1.3100410462425158,-1.2194167529054065,-0.37575447421458386,0.09726376009722282,A,Y,T
100183,2024-09-01,1,-0.8881338537336524,-0.19938941033967886,0.6922336061244176,-0.9339420339004652,-0.32005195670817677,-0.052600480789934206,A,Y,V
100202,2024-06-01,0,1.320661655528167,1.440367509911186,1.7761365318842295,1.2766108694433675,1.9311361980040866,1.6447362465112179,C,,S
100246,2024-10-01,1,,0.3972481859954347,2.385586877393743,0.37015527780165264,1.9860881123816299,0.4738543783774618,C,X,V
100305,2024-02-01,0,0.20338824061994343,-0.6451950922836269,1.5024045073636287,0.2503243065820209,-0.4611870435600236,-0.517565956704748,B,Y,T
100298,2024-04-01,0,-0.7865657751041687,0.8128816424307629,1.5867486862973372,-0.653750113014589,1.2142756377306871,0.6244734235005571,B,Z,S
100351,2024-01-01,1,1.8212988508131087,0.953918703498753,0.7752017382239746,1.7534009193779105,1.8095623101606646,1.083182477629258,B,X,
100386,2024-01-01,1,,,0.8858598858056532,1.256903965337013,1.146976413545021,0.09629459341581043,B,Y,T
100395,2024-11-01,1,-0.18992384102225704,0.07404556086044163,2.4773230295229918,-0.1449423083666036,-0.6314768109646367,0.07469170721191558,A,Z,S
100284,2024-06-01,1,-0.4425357118921839,-0.43732590271735344,2.296036976361606,-0.6160333200967272,0.3249589924843901,-0.5514556144745799,C,Y,S
100125,2024-07-01,0,-0.7435882288125641,-1.6106101996450883,0.46333584101008224,-0.7480877495768647,-0.7578757296873908,-1.6872353835030407,B,Z,V
100302,2024-01-01,1,-0.1792266254497549,0.12231106484718893,0.34838943072378525,-0.1590921401282627,0.05767663479385912,0.22991333348849052,A,Z,S
100223,2024-03-01,0,-1.1173841129896078,-0.04273288342810912,5.596794869336838,-1.032588238643238,0.3502378562126194,-0.0029035860606383274,B,Z,T
100418,2024-04-01,1,-0.3237917042866007,-1.7012210041914837,1.4334335727391463,-0.22422822367481746,-0.7350608676552562,-1.6807048865939789,B,X,V
100219,2024-11-01,1,0.3139082114575536,1.940249278198329,2.8537446225825103,0.31032573679095804,0.4048671240762118,2.1367552321283716,A,Z,T
100129,2024-08-01,1,0.01142605556065933,0.3346371415766865,1.9175810691903086,0.0423059832454759,-0.4655078190621886,0.17757338346171833,B,Y,T
100420,2024-12-01,0,-0.01756282647744591,-0.4359127770825667,3.6163636858420443,-0.1661167424296733,0.48043129190102013,-0.5934385950346732,C,Z,V
100289,2024-06-01,1,-0.36177047744417123,1.425161271265345,1.8090248085580325,-0.5702733071121591,-0.3073401684032345,1.169546327418234,A,Y,T
100444,2024-07-01,0,-0.4791031709119801,,0.991301293759722,-0.448877349063434,0.39353811455738036,-1.6729709401284785,B,Y,S
100376,2024-09-01,1,0.2416445216767513,-0.4335245100041346,,0.30050853685049156,0.034029737823894235,-0.6669004217538749,A,,S
100291,2024-04-01,1,-0.44856420802835434,,1.083593298350544,-0.4865680142475739,-1.1267602286699612,-0.6383416397622386,B,X,T
100355,2024-12-01,1,,1.8950226035779583,4.3367950600202185,-0.35485080083216136,-1.2560141130440936,1.8551915323835728,A,Y,S
100294,2024-07-01,0,0.6374709026511215,-0.0016711817320186788,0.30769991682703796,0.7809715204500149,-0.033469654333715904,0.08550864006711918,B,X,T
100396,2024-01-01,0,-1.1133880419218483,0.04467340370589196,0.4262779278029985,-1.2142189305492745,-0.8161910667313101,0.04690628498703128,C,,V
100340,2024-08-01,0,-1.1563476602653329,-0.18149717609565102,0.664960626930701,-1.038452202406168,-0.8599342946769993,-0.17097684834073193,C,,U
100112,2024-07-01,1,0.8137636899662105,0.037302705325383344,0.21418138056633432,0.8642081547324574,-0.37441333681009104,0.13108449491230317,A,X,S
100179,2024-07-01,1,0.09212665843410921,,1.0892982540633511,0.16609590927540152,-0.1450011461158009,-0.4375043033065823,B,Y,S
100307,2024-07-01,1,0.7068496408990508,,1.591727054126428,0.77084325747913,0.64312867532582,-1.0290070575784898,B,Y,RareZ
100432,2024-10-01,1,-1.3168302110582415,-1.1974223798928307,3.3046055170778232,-1.2673029164513816,-1.8512518802540152,-1.3023101946174378,A,,S
100487,2024-07-01,1,-1.1401609191262305,0.6714484447393996,0.6015619519613471,-1.1795246662559349,-0.830051958398499,0.5766760913769825,A,Z,T
100481,2024-10-01,1,-2.280737845371923,0.49317909228105034,3.4953572606545245,-2.1647285607075677,-1.35592942505337,0.438177273233472,C,Z,
100422,2024-10-01,0,-0.3423409386638824,,3.064840700673373,-0.5179886107385138,-0.9401436054370228,-1.9906985971840454,A,Z,U
100233,2024-10-01,1,0.6191711169753933,-1.1996546744032577,2.858653090540974,0.3999167678946524,2.0977713973752374,-1.0377573259384396,B,X,U
100311,2024-09-01,0,0.2964180008086595,0.13157730548881036,4.21000025116087,0.33454513981675704,-0.40453135173102317,-0.1531130222864141,B,Y,U
100164,2024-06-01,0,-0.265838791915379,2.472357804628894,1.181451157122149,-0.2675224642887216,-1.1502880468323105,2.75392827592864,B,X,T
100136,2024-08-01,0,-2.003522292066514,-0.2651607813436249,1.1480812258347988,-2.0481292299123974,-1.8026260546397417,-0.20531349623827308,RareX,Y,S
100197,2024-02-01,0,-0.6542832766875555,1.1283473578603067,1.214004436221992,-0.7856000485075492,-0.47758570856846744,0.9164512044701235,C,X,S
100258,2024-03-01,1,-1.495060830227205,0.9885037582514185,2.405899153078634,-1.5164405164122006,-0.7595657870407713,0.9416635290604205,C,X,U
100232,2024-01-01,1,0.18532564941538202,0.7401770396277357,,0.17311726061824284,-0.734249780087203,0.8906984832593854,C,Y,T
100115,2024-07-01,0,0.23440089269869593,,0.3236005727109745,0.22573042261448356,0.4471162954649335,0.36218530797833526,,RareY,S
100120,2024-06-01,1,0.3833938643534951,-1.7307589626712934,0.3586011042477971,0.4517976556652332,0.2670059674409819,-1.7417807619098533,A,X,V
100349,2024-02-01,1,-1.2223743125399031,-0.7153066795873999,0.4369940818416107,-1.2615969138319314,-0.2990780123471166,-0.7848233716312093,A,X,S
100224,2024-09-01,1,-0.458675284939333,-1.6376899826418785,1.554896298880748,-0.3209016613118586,-0.16257699619667548,-1.6242636326773063,B,,
100402,2024-04-01,0,,-0.6518049972673366,1.6354651835588918,0.132005438278217,-0.5051342246690111,-0.6503721543288097,A,Y,V
100397,2024-03-01,1,0.5795611424764774,-0.10655573725500113,6.99727093065108,0.5095527395118885,0.7960130610217044,-0.04618962425347291,A,X,T
100127,2024-10-01,0,0.20230619183119358,-0.7018489619196008,2.7866876038838213,0.2729031665010752,0.44264875083745386,-0.9608399640881675,A,Y,V
100285,2024-12-01,1,1.4550455762707113,-2.6162520773873688,4.115964489752412,1.5050243867002913,2.0349533665867314,-2.530985431548177,B,Y,
100411,2024-03-01,1,1.6678876111195198,0.3271743161185546,1.799734391254308,1.7044363456233702,-0.09003930713111319,0.6232025316406051,B,Y,T
100107,2024-08-01,0,-1.5815943994539423,-0.8487174359417563,1.7374655519035245,-1.6054380345519725,-1.590859323241681,-1.079158283048393,A,Y,S
100370,2024-05-01,1,0.2352761115882635,-0.3260092604247507,5.176555263187108,0.34929705948193707,-0.2112325032007216,-0.3517267351479197,A,Y,S
100325,2024-03-01,0,-0.159648307422017,-1.286355062748263,0.45783100440931596,-0.09722988017506373,0.5804047753988066,-1.3684057708750121,B,X,T
100133,2024-07-01,1,0.5541165013240933,-2.2703355039742923,0.15141350828090766,0.5357867456813673,0.4440145669725616,-2.3093697985587607,A,Y,U
100452,2024-06-01,0,-2.2517772906190467,0.9001461745643333,2.0608545570535646,-2.2402838994609455,-2.516528606007256,1.0155182998593544,A,,U
100044,2024-01-01,1,-0.47152480744994896,0.29854477176129957,2.255903002323242,-0.34242190193153543,-0.13133764636162423,0.1471998751230616,,Y,T
100460,2024-09-01,1,-0.24506065119070236,-0.5834329568388562,0.22256504974755964,-0.3035985013880067,0.010586123488087879,-0.5985496442307542,C,Z,U
100065,2024-04-01,0,-0.33445617235587666,-0.15867438783740653,2.3860451380849237,-0.23448877036867777,1.5465445614406708,-0.19786404649359463,B,X,V
100283,2024-06-01,1,1.403821392066557,-2.5295440101329314,1.0816853337671504,1.6058853619441402,1.3559854196213974,-2.3722010801787152,B,X,S
100085,2024-09-01,0,-1.5720402556532407,0.03710073363923869,3.105627107510319,-1.4970945541125844,-0.40357556704731534,-0.10045660832987541,B,X,U
100242,2024-02-01,1,0.5807770953297967,0.8826997109140483,2.5185897804413244,0.7329471406034926,-1.0026654642248838,0.8555150557320431,A,Z,T
100186,2024-02-01,1,1.7207698311659838,0.4965507806282567,2.877553253877754,1.6672611158283126,0.3693902170847535,0.2593541634016078,C,X,U
100383,2024-03-01,1,0.47113629339992935,-0.22101089581826597,,0.4197726673284383,0.24845910074004857,-0.27996883645617043,A,Y,S
100159,2024-10-01,1,-0.17961141383145854,0.46763004638400263,3.1188395866488774,-0.22318442264813249,-0.5858694058082804,0.3208639143777875,,Z,S
100012,2024-09-01,1,-0.9868570784282374,2.4585067810359438,1.2175685728256305,-1.1146659146994178,-0.2938787645519642,2.602670803953976,A,X,S
100035,2024-01-01,0,-0.7630572096947675,-1.3121656445543795,2.348865665502502,-0.7936691145407629,-0.9936426900010998,-1.2894345251895896,C,Y,T
100028,2024-07-01,1,8.439309141418043e-05,,0.7602432742264906,0.12035447374502879,-0.5609994611753101,1.943967678582132,C,X,T
100170,2024-02-01,0,-2.3336161198483047,0.47643996001858935,0.7128585197298349,-2.357878024588332,-2.1727579493575657,0.2845518641922994,C,Z,U
100142,2024-04-01,1,-1.2516472141061394,-1.4063659114809537,0.5676384109849478,-1.2225738963194572,-0.06034434480215556,-1.2999166316352722,A,,S
100398,2024-04-01,1,0.5245073752860862,,1.389657691647236,0.48976909192623297,0.763279879212134,-0.05986539493842421,A,Y,S
100342,2024-08-01,0,-1.0721330214268592,0.07429978041595102,,-1.1714177022102532,-0.2090290496909386,-0.1728667907497196,,,V
100221,2024-06-01,1,-1.589567493308969,-1.2028127768289614,0.8559976123487163,-1.6009997101094438,-1.4319070759099335,-1.0406065577383894,A,Z,RareZ
100095,2024-04-01,0,-0.6711402773965811,-0.391514406027648,0.25710035880687104,-0.5140066957883443,-1.1051084871538057,-0.3666725834927502,C,Y,
100051,2024-03-01,1,1.471491972993157,0.6134661774570416,0.8599713663539493,1.5081252663581615,0.6478719065209768,0.7429387882626624,A,,U
100240,2024-02-01,1,1.4332145066061728,-1.8368583087080477,1.301742482050125,1.5549870253512865,0.8137830372879431,-1.8126296108849707,A,X,
100484,2024-06-01,1,1.461178866720329,0.6287411450312049,0.3969407190162487,1.4445012933201302,1.645682164196933,0.5197024011916814,A,X,U
100378,2024-05-01,1,1.4511788490210642,-1.1863525793215273,1.5047150277633081,1.3542389912472022,0.8533691917454056,-1.1999004308597967,A,Z,V
100178,2024-11-01,0,1.3535858895693973,-2.256958113568869,2.974928744429007,1.2564240122681012,0.9649665101493057,-2.247361456863541,A,Z,V
100041,2024-10-01,0,0.9274384815581808,2.157073399973568,,0.8781162970075896,0.726820274199501,2.2344671714887445,C,,U
100498,2024-12-01,0,,1.8622561441469863,2.076794320966072,-2.3006205079091435,-1.3370970453270559,1.9077133865868938,A,,U
100421,2024-09-01,1,-0.9024230947925126,-0.30552980371923616,0.7236328954319611,-0.8883061929092486,-1.6084069524054088,-0.2653636740953595,A,X,T
100206,2024-10-01,1,-0.3314881720972547,-3.5167132510233308,4.981116160078252,-0.37759080015533847,0.5019885252269385,-3.7485082428526444,C,Y,S
100282,2024-09-01,1,-0.19134398669506028,,,-0.22253311792060027,0.21256575342054024,0.9801841090217807,A,X,T
100254,2024-08-01,1,,0.42326419563161166,1.4073922706871702,0.9910711328930917,0.9252314650459619,0.42515097098438664,B,X,S
100412,2024-04-01,0,-1.1037406977820072,-0.6737796321394603,0.46150589733202835,-0.9471627446616818,-0.15637400056302142,-0.8308609461510158,B,X,S
100004,2024-06-01,0,-1.287422581274031,1.1170058716206352,0.2842279202894734,-1.472056282386079,-0.3116362669141505,1.0700495287317044,,X,U
100256,2024-09-01,0,-0.3356073681186462,0.14541353915935434,0.5124133499145441,-0.3571318137762617,-1.1098549025039954,0.036308378060484564,B,Z,V
100448,2024-07-01,0,,-0.16918547693330233,1.7071025507915403,-0.43225061994956404,0.20542016367564242,-0.19124650185959297,B,X,U
100100,2024-10-01,1,0.3043667290302598,0.042691772381549836,3.6558786680321385,0.5575571968044776,-0.5623998276641282,0.1155451162601271,B,Y,RareZ
100226,2024-10-01,1,1.9372311624295169,-0.890630512796924,2.085072283351142,2.0187627696466803,1.8135423983855468,-1.0724857567558828,B,Z,U
100429,2024-09-01,1,0.7848440366081351,,1.5680520631467005,0.7482723580435141,-0.29355353295829767,-1.5773877560109806,,Z,RareZ
100213,2024-06-01,1,0.0693811351327787,-0.8545224502547265,0.7152846930411367,0.0905525135498384,-0.04071491833101224,-0.8879457766183082,A,Y,U
100171,2024-02-01,1,-0.6782644401551767,0.6666985063801497,1.8574509451129317,-0.7740656002252997,-2.430811757423312,0.7456288090987341,B,Y,U
100098,2024-08-01,1,0.6087614722244398,-0.40312707004817727,1.7415006029578237,0.5735349687294629,-0.13321532192507912,-0.3708008746529138,C,Z,U
100292,2024-12-01,1,0.4523339506431387,0.5821933350548854,2.6026649004226767,0.2424133163870143,0.0012658244106791838,0.550461344592806,A,Z,V
100215,2024-04-01,1,1.0762401574663856,-0.5808361578872113,0.8514449150919617,1.048233294778298,2.3953282559314646,-0.5780770255515133,C,Y,S
100061,2024-09-01,1,0.8638280136981883,0.413525885700429,2.4364484632767542,0.9154982955630349,0.5216652248371306,0.45611178587675,A,X,T
100047,2024-11-01,1,-0.292171185803555,-1.2989126368659443,6.32343638367307,-0.26424703041019876,-0.4647217205603569,-1.2017705402830101,A,Z,T
100032,2024-02-01,0,,1.620750145143188,0.06194079419680194,2.350420052627568,1.8652928495092476,1.687083454448678,A,Z,V
100267,2024-05-01,1,-0.5595722860494895,0.9074977963557672,,-0.5053527574770639,0.016606856167968198,0.8794840761351144,C,X,U
100327,2024-01-01,0,0.5484279208297995,1.7341511483118406,1.835534300435732,0.7642938219002829,-0.0909545237573392,1.9362496345538744,B,Z,U
100200,2024-05-01,0,0.32866200228248105,1.063672751481543,,0.25838650630036064,0.25028869758695654,1.1373906399724816,A,Y,S
100446,2024-04-01,0,1.498374440296732,,0.6360798362221517,1.4933116289910329,1.0782832398897888,0.5090040438120468,B,Y,S
100027,2024-10-01,1,0.053155347577867364,,4.4110402664746005,0.16730342438818915,-0.040286412432694714,-1.4942075222099924,B,Z,S
100424,2024-06-01,0,-1.7056522160155172,-1.033010014228284,0.6672140333664063,-1.576967989750967,-1.4490723642413683,-0.6390372778727491,,X,U
100230,2024-06-01,1,-0.4070782363503251,-0.1274183167470915,0.09352291706546273,-0.29801224274151183,-0.6315276543259114,0.08870357295354797,A,RareY,S
100260,2024-10-01,1,,-0.8751443236483938,3.037245506327104,1.0844898705139403,0.5049569921144028,-1.0132126870857887,B,Z,V
100288,2024-07-01,1,1.5647180216699044,1.2546387297476163,1.393509453932701,1.5213552731544855,0.45017902031347456,1.4097101459574626,B,X,T
100162,2024-05-01,1,-0.3937411722245721,1.9059313285791148,2.703081327114969,-0.1830526988967575,0.2960946323149335,1.9630557165047657,B,X,S
100425,2024-03-01,1,-1.615658339320678,2.94890891049107,1.7786143351640213,-1.8066346298953062,-2.103465130753268,3.1514344181803717,A,X,S
100138,2024-05-01,1,-0.45769943095682564,-0.03357894783626157,,-0.4295821143924777,0.40876311283268296,-0.14053601008995864,A,Z,V
100062,2024-05-01,0,-0.3285252231228939,0.45513604123819557,1.7617631659840922,-0.5504726489851992,1.0853279140317145,0.5429231709420239,A,Y,V
100135,2024-04-01,1,-0.2051616888660442,-0.014783151515173482,,-0.1462913610445291,0.43368991100961013,-0.0889341440425776,RareX,,V
100128,2024-07-01,0,0.8443851904853201,-0.05590472440720724,1.7043733416756544,0.6783964023433513,0.5239427990429231,-0.17525655065779522,A,Y,S
100476,2024-11-01,0,0.6857490352746618,-2.6997405335419287,3.3450148376212248,0.6004552534954346,1.2751773553055505,-2.937864457101624,C,Z,T
100008,2024-03-01,1,-1.1715666288253417,-1.0717567459018351,1.2939259267049525,-1.108439155813184,-0.9945474427759229,-1.0983783689658733,A,Y,V
100326,2024-03-01,0,-0.652916144664712,0.5460284644170239,1.4913482654646844,-0.7362424038184368,0.4270051539984542,0.538589918234733,C,Z,T
100463,2024-06-01,1,1.0491736214413494,-0.7806763444867105,,1.032218549871305,0.6896204026553104,-0.6858199156018407,C,X,S
100064,2024-05-01,0,-1.052898510703949,1.3199755804105002,2.590224175506941,-1.035951123584623,-1.9253794223305278,1.218897827183416,B,X,U
100300,2024-05-01,0,-0.8262294663639526,1.168672953860881,0.7387767018068954,-0.7128725960763901,-0.7854675890459645,1.37586480619472,B,X,S
100014,2024-09-01,1,0.777337576061744,1.3632584202665141,2.0451019348063566,0.7226837967589063,0.8765009999979446,1.2483111178241584,A,Y,
100156,2024-02-01,0,,-1.0347815513706515,,0.043092005664512795,-0.3550561394914642,-1.0335824469383295,B,X,T
100040,2024-02-01,1,-1.7445859869741926,,0.8339941139060507,-1.7076501810042022,-1.832056078258658,0.36760135260087234,B,Y,S
100379,2024-04-01,0,-0.44065242156974244,0.5403807336525756,0.7610366412088365,-0.5363360928577071,-0.12624864194502394,0.44326920279733295,B,X,T
100468,2024-03-01,1,0.6474846907094743,0.3570132854226659,0.8501253496906327,0.8202265193722844,-0.31451661998142943,0.7838074446588117,B,,U
100403,2024-12-01,1,-0.33732516206850605,0.017433458325082658,3.038964407649586,-0.3644628113616785,-0.6785527033199585,-0.14765134162944007,A,Z,U
100216,2024-01-01,0,-0.8456610327673472,2.691504374883582,0.7759118188614182,-0.6640083331533366,-0.6560304926540387,2.61666374238929,A,Y,T
100279,2024-01-01,1,-0.9701495196514126,0.40785043343124455,0.15720968311927253,-0.89140124921286,-1.0305690851344746,0.46853221239416804,A,,S
100434,2024-06-01,0,0.3493506225604296,-1.9202470188521727,1.8187540424968682,0.38867360025891234,0.9762217436903523,-2.0795539576791557,A,Y,T
100430,2024-02-01,1,0.27236975527423984,-2.28975649587032,1.992795110761902,0.41228339344384857,0.10797512257212688,-2.097337567454913,A,Y,
100337,2024-04-01,1,-0.25251733430296475,-0.7039021020850807,3.1651147753781643,-0.11138563571529353,-0.5496404084054252,-0.34123127166761386,A,Y,
100236,2024-08-01,1,,,4.468596486123899,-1.0866305474398796,0.09244544726799264,-0.5313334529044059,A,Z,S
100207,2024-12-01,1,1.114592444577377,0.45946288366205934,3.578280118090185,1.0712691789150748,0.7421564627444797,0.4139826411554847,C,Z,S
100212,2024-10-01,1,2.076980529053753,,4.637040466727778,1.8738185721874503,0.8939257949721886,-1.7155396255800046,B,Z,T
100295,2024-07-01,0,-0.5387713176177432,1.1833635803529212,0.14187013473465301,-0.389758883388086,-0.6026136154470942,1.059412103828585,A,X,V
100457,2024-08-01,0,-0.9151561158459262,1.781902544080621,1.8943957742328354,-0.7861631459841021,-0.5796541146279004,1.8863643277040365,B,Y,T
100251,2024-06-01,0,-0.28624873355569186,2.153244065520431,0.830309848988315,-0.3449002986476883,-0.6050072135604313,2.107572394358452,C,Y,V
100488,2024-10-01,1,-1.1195358752705262,0.6794253102897995,5.048701474095703,-1.2814430572823428,-1.7869624662127181,0.6527316769279465,A,Z,S
100486,2024-05-01,0,0.7673172404612268,-0.6919767506804315,1.2933584294934015,0.8064668441960375,1.3577771327667407,-0.7342811078489232,C,,S
100303,2024-11-01,1,-0.25337756894801494,-0.9147881496331827,2.497570157829903,-0.20942595451887208,0.13340702715652897,-1.0933396728584381,,Z,
100350,2024-07-01,1,0.24903612230694197,0.01020675206778428,0.8150305542292865,0.06335508211292537,0.3794508889948231,-0.26770242718575743,B,X,
100269,2024-08-01,0,-1.5609583529944429,,0.2723709367887068,-1.5464068724608833,-0.8376809722383867,-1.4289860886709755,C,Y,T
100201,2024-11-01,1,,0.5889200507925826,3.1037376408872634,0.2845132654306387,-0.8890185267860317,0.8985042311410828,C,Z,V
100161,2024-08-01,1,0.8205284754174188,-0.1769309879018009,0.4083380760815488,0.93390740267382,1.2159384028140212,-0.12064236617679053,B,X,S
100043,2024-05-01,1,,0.013734526909759218,,-1.1090931031428917,-2.1450150065209965,0.11933678805800733,A,X,S
100217,2024-02-01,1,0.3330703726182551,,0.8510583151464317,0.24494652787465007,1.3364450171441218,0.131098114254237,A,,S
100401,2024-10-01,1,2.052684981945891,,2.3276897340336378,2.0645646359361813,1.679953964022227,-2.6391477709420994,C,Y,U
100190,2024-09-01,0,0.47469708846320197,0.5379888791677914,1.315813973956601,0.43364368966170047,-1.1872250910536284,0.7572587542998871,C,Y,T
100309,2024-02-01,1,0.385037937656101,-1.490106634654071,0.4410970277207937,0.4033294106689715,0.8198054867749317,-1.5009684854786525,C,Y,
100259,2024-08-01,1,1.3638622298139094,-0.07113917523111865,6.849028136706711,1.1838143606404912,0.4104956661091407,-0.30897968142115695,,Y,U
100105,2024-10-01,0,-0.5911034251911056,3.8146244152410422,3.218822046385713,-0.5122126368527816,-0.005191309620060036,3.8333290068887442,A,Z,T
100053,2024-06-01,0,-0.23685026450968424,-2.1440490136416934,0.7110176266127086,-0.19635203261721657,0.39103171818448346,-2.244548278173427,C,Z,V
100389,2024-02-01,0,1.6109369950118944,-1.0730488223753727,2.6501178511049552,1.528256084472587,1.031960460850439,-0.9651848654621222,B,Y,T
100001,2024-10-01,1,-1.7577283913566313,-1.2247476234160048,2.8566903046460386,-1.6787917357896607,-1.7259568071839981,-1.165476200561246,B,Z,S
100441,2024-04-01,1,1.251725008565195,-0.9602540359222204,6.529487943772387,1.2341037026689974,0.6314164238180131,-0.995072889496524,,X,U
100482,2024-04-01,0,-1.4966386899033264,0.939070590858191,5.1047188692875896,-1.3920334647985364,-1.6501274075989807,0.6890569009096554,A,Z,
100049,2024-10-01,1,-0.25197737820688537,-0.895317907983016,3.124482593548678,-0.2463834431936453,-0.5575144656614945,-0.8745843941618706,B,Z,
100419,2024-07-01,0,-1.6919626491697632,-1.4244845116492442,2.450093398866785,-1.7609742032849578,-0.7810229155899749,-1.4917279776958792,C,X,V
100080,2024-12-01,1,-0.19065105750515945,1.7253323278997548,2.88728603640862,-0.10947748650550927,-0.6079706242462497,1.5050927639194276,A,Y,S
100205,2024-04-01,1,1.067222416571983,0.40300950831962834,1.230090083109682,1.0688353580995835,0.7238690243233252,0.5434695708718253,A,X,U
100034,2024-11-01,1,0.3858465525565008,0.24335673227733523,3.005655419103382,0.3351064949164583,0.6794733904930332,0.17714938542244274,C,Y,U
100263,2024-12-01,0,-2.964528837841651,0.003591949439946878,3.664096563322894,-3.001670611449858,-3.044970250418331,-0.1949462957702615,B,Z,U
100427,2024-10-01,0,-0.5227186961696804,-0.49409930122157913,,-0.6259219206858382,-0.9526934889537697,-0.5069403958827513,A,Z,V
100366,2024-06-01,1,0.4480993639362036,-0.9535193461500658,1.979563325826925,0.4571150467029609,0.7909197820495532,-0.8444884165956024,B,X,S
100091,2024-10-01,1,-0.6989304285787463,-1.3533369178700567,2.596148608551748,-0.917574626453803,0.6355676276918532,-1.7589095698810577,A,Y,T
100339,2024-12-01,0,-2.409921965799875,0.2925029764819775,2.457313393197867,-2.389451297197822,-0.9353572618824016,0.5112285976038439,B,Y,S
100473,2024-06-01,1,-0.21069001436315682,-3.182050001903042,2.327573359918596,-0.23420507902460036,0.3817921715730956,-2.950382580185241,A,X,U
100052,2024-05-01,0,-2.5666584409312976,,5.424544725335615,-2.5954869867440293,-2.840855481437773,0.44525944146369484,B,Y,T
100345,2024-04-01,1,-1.176614719429302,-1.6777315917586209,4.651486837742126,-1.3097024446906511,-1.4040937571936003,-1.6835680969765534,A,,U
100264,2024-12-01,0,-0.5434955079326346,0.40825197224200543,3.562958538655411,-0.435260314953461,-0.9808845405635512,0.17719881586474384,C,Y,U
100241,2024-08-01,0,0.09152017817320818,0.2753780585563275,0.32973055650073535,0.18346254583790672,-0.26617614341393164,0.5225948828299094,A,X,RareZ
100013,2024-10-01,0,-0.24527784594210975,2.1422020824865573,4.1406830090717435,-0.05665893008650155,-0.502848007284401,1.8257094854545615,,Z,
100315,2024-08-01,0,-0.7535275803573779,0.17981089678473605,1.6282256715037313,-0.6162933460707261,0.22082381216855373,-0.020820657209198068,B,Z,S
100088,2024-10-01,1,-0.5182798423662747,-3.2074013197235254,,-0.5220047676214874,0.6142912574919104,-3.0835506767279766,A,Z,
100387,2024-10-01,1,-1.040586052512433,-0.2926753322128053,2.9639781789575306,-1.2303675025024108,-1.3774345906414973,-0.2541711573563425,B,Z,S
100273,2024-12-01,1,0.7908061216900806,,3.0244486208394323,0.6286136090070596,0.4851033929509531,-1.3042922570946038,B,Z,T
100166,2024-04-01,1,0.829519042024073,-1.5324197339642738,0.26214851658450156,0.6772991145049302,0.04793616059574468,-1.7731781308148622,B,X,T
100328,2024-02-01,1,0.18797358748610446,-0.09282741578502489,1.9322264022835327,0.2349560798066011,0.8008686656209016,0.1773211743182856,A,X,T
100492,2024-10-01,0,-0.18767099092845213,0.10380665030575414,3.277629096763137,-0.12379505276085442,-0.5936557255842931,0.07398190985892338,C,X,S
100134,2024-10-01,1,,-2.350309728476437,3.562527327124786,2.2632322753074403,1.0133179562669445,-2.6290461277933175,B,Y,S
100306,2024-04-01,1,-1.0085360419431078,0.651113355950352,2.164051431801,-0.7812368593451688,-0.09261634382127226,0.7599695534481603,A,X,T
100480,2024-04-01,0,1.1280188573493026,1.548676514785409,0.4895579956072209,1.2299699491157656,1.1359907071773925,1.9686310980610053,B,Y,S
100319,2024-10-01,1,-0.07068038165207131,-0.18442212523442128,,-0.03669952420302826,-0.4224787431982005,-0.1936719231154024,RareX,Z,V
100243,2024-08-01,0,-0.056783194392691534,0.4492637420475157,1.1469866019297157,-0.0209035860020661,0.7173253881378174,0.5164209965617759,B,Y,U
100054,2024-06-01,1,0.17651242137244696,-0.14722156499415265,1.2237555748197362,0.3999510459922152,0.6611094223050136,0.02306964475382564,C,X,S
100363,2024-11-01,1,-0.6366152831022357,-1.3168052094564522,3.055799485367085,-0.48999500113966754,-0.15082624198277095,-1.455716915509026,B,Z,T
100050,2024-10-01,1,0.15256251210246857,-1.5003786467077755,3.8257590115952587,0.20217458291134716,0.11193959958045628,-1.337260453685506,B,Z,V
100456,2024-02-01,0,-0.9636384443688041,-1.1118397333885808,1.7101610187463956,-0.9460683987523191,0.34432021274153635,-1.1049092420163378,B,,S
100174,2024-09-01,0,0.19779008194185213,1.3890093096253606,2.8786530060519127,0.29734401475812033,-0.14804296931505778,1.346394458821243,B,,T
100445,2024-08-01,1,0.7908017211789892,-0.3794372454974255,1.2688115379106795,0.7794663213950085,0.1620424907896692,-0.42117531076600145,B,Z,S
100189,2024-04-01,1,-1.0405439391575344,0.007220016523285751,0.6462058726112828,-1.1233023632310006,-2.5248727271920286,0.11540382244325453,A,RareY,
100496,2024-02-01,1,0.8070082819444706,0.6846444433661825,1.7064489168871153,0.7375617577519353,0.6416241710870132,0.6180262252113552,C,Y,S
100187,2024-05-01,0,-1.38218151537704,-0.27872319590908223,3.742823461955147,-1.422497783070045,-0.42855566953746127,-0.1730946441406072,A,X,S
100169,2024-01-01,0,-1.4821853974428207,-0.9021070173762002,0.34292748980755583,-1.471938160732505,-0.2832704697839239,-0.8860337564503017,A,Y,V
100058,2024-09-01,1,0.32799548371410964,0.04669584828175176,0.8751791947077043,0.4420208118085377,0.71224574164602,0.07152316758426612,B,X,T
100048,2024-09-01,1,-0.10348826806596086,-0.1812622531283151,2.134750101109249,0.033390195124395436,-0.3726847448601127,-0.20738843746149488,,Y,S
100344,2024-11-01,0,1.997296530747994,-0.489999795392003,2.5975632735263834,2.080013810710116,0.47454510195599553,-0.3720222826922285,C,Z,T
100235,2024-09-01,1,1.0638515327343585,1.325615058483036,0.34808386361591603,1.187039046163289,0.5061338692805107,1.4148185901885635,A,Y,V
100252,2024-03-01,1,,1.5777694458070861,2.09389329391241,0.4550638685669362,-0.132730674836254,1.6447385989938643,A,X,
100021,2024-05-01,0,0.23216988962625595,0.8880170835652026,2.335736236458653,0.2684708143977076,0.22997049689760082,1.0393820541253034,RareX,Y,T
100313,2024-04-01,1,-0.0870941710525099,-1.6527787866244408,3.407389742843598,-0.18347168977594874,-1.2928688628102571,-1.6248708600766124,A,Z,T
100459,2024-02-01,1,1.1129658916602636,-1.5870493599500148,4.942874846528483,1.130930559738269,-0.5376258779714281,-1.4503651591714177,A,Y,T
100160,2024-12-01,0,0.19677609665695725,0.12306382047152023,3.3200148245082866,0.20686977583047272,-0.34509687425775126,0.5452309384614444,A,Y,U
100276,2024-06-01,1,-0.6883722822307594,-0.3286206066554846,1.844490733392717,-0.6403481669795827,0.41756938139507827,-0.3020632045289977,C,X,V
100443,2024-06-01,1,-0.4354074729439623,-0.012766411941831776,0.577483565324555,-0.7215593099540296,-0.0759842781747026,0.07677547265450071,A,X,RareZ
100191,2024-08-01,0,-0.1310866506877266,1.3983690426566122,2.7963377415921187,-0.12212737395088313,-0.8186966301057501,1.2714537222300126,B,X,
100385,2024-02-01,1,-0.4116383222162092,2.12560949072122,0.8980136073769108,-0.17237064991438505,-0.11739423632305546,2.133357247888317,B,X,T
100293,2024-04-01,1,,-0.6335011647891762,1.344711335080362,-1.4818022631030892,-1.4348335851303538,-0.5720384818456827,A,Z,V
100413,2024-02-01,0,0.5872591668027922,0.8373802068000056,2.6925506971636484,0.6381251211046021,0.5375449753855461,0.929006361470509,A,Y,T
100343,2024-07-01,1,0.7143964826306588,0.13247487073466221,0.20360709687329673,0.6947466405908481,0.5941816147271866,0.3526871441344568,A,Y,T
100257,2024-02-01,1,-1.9908119951239978,0.15691702549385325,1.189799591626327,-1.8125826158535265,-0.3216859898141704,0.16296748632705685,,Z,S
100308,2024-04-01,1,0.6626659703854839,0.5250146983438438,0.8331994230401585,0.8100072785296596,-0.6578976089255824,0.5795041602309735,,Z,V
100149,2024-01-01,0,-2.310103436632644,-0.9996440673552138,0.7164257966614147,-2.4542385166060496,-3.2128877511424982,-1.05335346779089,C,,U
100130,2024-07-01,1,1.3289605904369892,-1.2094715395482536,1.2892794467641464,1.2402142079627732,0.4574296123081332,-1.1219035577543113,A,X,S
100151,2024-04-01,1,-0.47177603363833576,-0.49006635270567167,0.7839534105293542,-0.33609971789193943,1.0581996001269682,-0.48023646558116406,B,X,S
100359,2024-09-01,1,0.5154104029008109,1.3561191796854164,1.5705561936988857,0.5365564181372026,0.7507111292877748,1.5139304125889779,,Y,
100099,2024-02-01,0,-2.2912895085981,2.286072256877364,3.4395349224894893,-2.243256079009962,0.580602641485062,2.14682363725901,C,Y,S
100372,2024-05-01,1,,-0.2885246364844114,1.6107289430715337,0.4134012077071628,1.216188799849065,-0.3280631590081479,C,X,T
100087,2024-04-01,1,-1.172007192594816,1.4570277947142019,,-1.1098470612827187,0.20127114462421647,1.5200762191806212,A,X,V
100458,2024-11-01,1,-0.20110465451883033,-1.2699372610051647,4.058113061637627,-0.37456580421254987,-1.3270877708564774,-1.1296709468517472,B,Z,S
100330,2024-07-01,1,-0.0679802559844049,,0.31997822827985034,-0.22879883710555904,1.2563272945023716,-1.3940295641350349,,Y,U
100214,2024-09-01,1,0.1601905933170753,1.6446491863369583,0.30642086370528676,0.23640551751294392,-0.32347717504282647,1.8153427017469657,B,X,
100466,2024-02-01,0,0.5585489592742234,-1.055411554390731,1.1556480038185066,0.4415879590263407,0.0704856506117616,-1.165774352928279,A,Y,T
100121,2024-09-01,1,0.9998242469102946,-0.07009349263041892,1.526586822810314,0.9384157693758578,0.9165523400203084,-0.00617490060750496,A,Y,T
100499,2024-06-01,1,,,1.4812250721864442,1.090658129404208,1.8521258592678427,1.6209250845856107,B,Z,U
100020,2024-07-01,1,-0.2663874900089551,,0.11323016513302671,-0.22053157638773824,0.08825349755609627,0.6513679983583649,A,X,T
100188,2024-03-01,1,,0.09085594554820041,2.7850629885374447,0.446940552081723,0.06465713695355271,0.3819859864254807,B,X,S
100071,2024-03-01,1,1.743934526167792,,1.4329898048604557,1.7524006542410684,1.1439750749114848,0.2612562791780235,A,Y,T
100106,2024-10-01,1,0.5909063227933546,1.0215426898137467,3.429264789137467,0.48084019636991865,-0.9026584301101706,0.9832680635605285,,Y,U
100270,2024-04-01,1,,1.7307657494234931,2.681194522667388,-0.31482016636905324,0.5712643503471703,1.8014533181003771,A,Z,T
100348,2024-03-01,1,1.6111161484996208,-0.33204010810285606,0.5304319523267036,1.5508183172429204,2.2815927548014363,-0.418956120940111,C,Y,S
100435,2024-02-01,1,2.3826022826840734,-0.9143693499723093,1.437132044273835,2.296404047152736,1.3691779671590916,-1.0983846601550549,RareX,X,T
100102,2024-10-01,1,0.41389028537269307,-0.11195837958419012,2.8097096190722963,0.5258300015725311,0.653962242708882,-0.1074573988045491,B,Z,S
